latitude,longitude
-37.81138382,144.9546697
-37.81461946,144.9744435
-37.80815784,144.9578896
-37.81013955,144.9704545
-37.80577824,144.963743
-37.82152261,144.9528224
-37.81990966,144.9625818
-37.81989156,144.957305
-37.8067049,144.9702915
-37.82035748,144.9537549
-37.80729002,144.967951
-37.81452359,144.9536319
-37.8141,144.963
-37.82327704,144.961441
-37.81165966,144.9659085
-37.80767982,144.9693377
-37.81109918,144.9745768
-37.80559515,144.9708116
-37.80684857,144.9651043
-37.81378491,144.9592139
-37.81208431,144.9576738
-37.80999653,144.961432
-37.82290298,144.9513269
-37.81490831,144.9702766
-37.81666244,144.9745749
-37.81524916,144.9731416
-37.81048977,144.9698325
-37.80570022,144.9533926
-37.8103,144.9544
-37.81906291,144.9721163
-37.80883019,144.9758465
-37.82327437,144.971179
-37.81731708,144.9721098
-37.81495894,144.9753705
-37.82038789,144.9746913
-37.82153761,144.9507471
-37.82317357,144.9725462
-37.81511905,144.967232
-37.82175744,144.9587484
-37.80760095,144.9601754
-37.82200486,144.9628792
-37.81049457,144.9751693
-37.82164814,144.976447
-37.81937576,144.960727
-37.81493991,144.9571064
-37.81112351,144.9570881
-37.81490423,144.9594679
-37.81302353,144.9516398
-37.81234196,144.9574726
-37.81704231,144.9764955
-37.81255101,144.9691212
-37.81297799,144.9650039
-37.81563594,144.9689189
-37.82336327,144.9624807
-37.82064114,144.9605633
-37.81727578,144.9519538
-37.81421733,144.9686862
-37.81149844,144.9578509
-37.81908775,144.9730739
-37.8196248,144.9736037
-37.80764531,144.9664698
-37.82310006,144.9650499
-37.81755324,144.9636794
-37.81382437,144.9556425
-37.82135248,144.9541485
-37.8174989,144.9573337
-37.8173456,144.9728019
-37.81006803,144.9601768
-37.80612742,144.9658775
-37.81441434,144.964203
-37.81833833,144.9676844
-37.81310354,144.9748839
-37.81668477,144.9605528
-37.80594642,144.9555112
-37.8097648,144.9665509
-37.80566765,144.9627154
-37.81820165,144.9628228
-37.80514849,144.9612314
-37.81913718,144.9716805
-37.81775821,144.9590583
-37.81543386,144.9703487
-37.81957082,144.9759394
-37.81443729,144.9642444
-37.81837968,144.9720427
-37.81839663,144.9753615
-37.80621396,144.9652412
-37.81245048,144.9602254
-37.80789255,144.9764673
-37.8204751,144.9765078
-37.82158759,144.9737909
-37.8215514,144.9618551
-37.81508786,144.9565915
-37.81648187,144.9568039
-37.81730365,144.9685554
-37.81656931,144.962635
-37.81818209,144.9554346
-37.81790179,144.9673664
-37.81093408,144.9711811
-37.80981443,144.9710404
-37.80733032,144.9602714
-37.81177109,144.9687884
-37.80528552,144.9763407
-37.82299832,144.963693
-37.81314037,144.9721901
-37.80572945,144.9573427
-37.81845411,144.9556024
-37.80867922,144.9509635
-37.80660212,144.9673251
-37.81108794,144.955863
-37.82008332,144.9589605
-37.81760285,144.9653403
-37.81302276,144.9574379
-37.81078797,144.9525364
-37.81196146,144.9579335
-37.82229808,144.9558777
-37.80777983,144.974237
-37.80814519,144.9618994
-37.81631296,144.9548736
-37.8172651,144.9705858
-37.81061967,144.9661532
-37.81890018,144.9565728
-37.80843254,144.9595243
-37.81620548,144.9562964
-37.80885309,144.9749887
-37.80872041,144.9619033
-37.8173764,144.9582097
-37.80599202,144.9716281
-37.81246959,144.9651747
-37.81530449,144.9738354
-37.81559016,144.9578875
-37.82352163,144.9740893
-37.82157508,144.9510132
-37.80849037,144.9572317
-37.80660397,144.9549612
-37.81989111,144.9528806
-37.81007546,144.9570251
-37.81515321,144.9543555
-37.8119809,144.9610119
-37.81583785,144.9567919
-37.81883182,144.9513067
-37.80909337,144.951806
-37.80609089,144.9541923
-37.80673721,144.9736902
-37.80670515,144.9594729
-37.81822781,144.9620497
-37.80975425,144.9653089
-37.81601483,144.9621872
-37.8061485,144.9575921
-37.8182473,144.9578826
-37.8116907,144.9729413
-37.81030772,144.9634519
-37.81501647,144.9610331
-37.81730314,144.9687315
-37.81598275,144.9703759
-37.82003727,144.9650964
-37.81005285,144.9724598
-37.80887906,144.9563899
-37.81662369,144.9619933
-37.81155327,144.9565394
-37.81550664,144.9588669
-37.8165553,144.9731163
-37.8083256,144.9710569
-37.81757104,144.9670614
-37.82306944,144.9727838
-37.82302605,144.9739295
-37.82300596,144.9737937
-37.8152929,144.9581981
-37.81540233,144.9686211
-37.81197608,144.9540964
-37.8103048,144.9511762
-37.82092842,144.9534617
-37.82316373,144.9708954
-37.80543506,144.9538623
-37.80814008,144.9598833
-37.8204227,144.9555922
-37.81636319,144.9575185
-37.81856893,144.95291
-37.80936475,144.951052
-37.81114506,144.9586902
-37.81491219,144.9672453
-37.80852363,144.9597852
-37.81281397,144.9596423
-37.81626686,144.9728541
-37.80797751,144.9662319
-37.81609272,144.9595147
-37.82249691,144.9602344
-37.81442729,144.9618602
-37.81841525,144.9647472
-37.8126307,144.9516532
-37.82121497,144.970597
-37.82249603,144.9591015
-37.81528806,144.9575567
-37.81281202,144.9745945
-37.81621221,144.9752161
-37.81262369,144.95432
-37.82190148,144.9572794
-37.81434478,144.9661723
-37.81529937,144.9754278
-37.82116384,144.9728293
-37.81341173,144.9633448
-37.80684888,144.9641755
-37.81863463,144.9541238
-37.81461413,144.9594044
-37.81187287,144.9599064
-37.82266671,144.9738714
-37.80587141,144.974922
-37.81359639,144.965662
-37.81664961,144.9624382
-37.81857113,144.9730291
-37.82225576,144.9514494
-37.81383749,144.9678601
-37.81027109,144.9614856
-37.82349697,144.9507976
-37.81728079,144.9547063
-37.80968489,144.9551906
-37.80728102,144.955416
-37.82307719,144.9633341
-37.81073025,144.9646495
-37.80937911,144.966617
-37.80611768,144.9692158
-37.82018683,144.9515323
-37.81940421,144.9745122
-37.823524,144.9579791
-37.81542366,144.9711205
-37.8142821,144.9558019
-37.80584769,144.966589
-37.80932737,144.9618649
-37.82216418,144.9761801
-37.81122849,144.9557768
-37.82238772,144.9730765
-37.81398983,144.955264
-37.81269048,144.9700193
-37.81168416,144.9551162
-37.82228356,144.9634723
-37.81704271,144.965746
-37.82215927,144.9566185
-37.80993435,144.9680317
-37.80803745,144.9747474
-37.81336629,144.9652676
-37.81207636,144.9589069
-37.81956617,144.9515672
-37.81386381,144.9671532
-37.81525631,144.9670699
-37.81022841,144.9656253
-37.82106504,144.9670381
-37.81776476,144.975715
-37.80849715,144.9763944
-37.82049035,144.9765181
-37.80932999,144.9764006
-37.81582812,144.9701491
-37.80767686,144.9618461
-37.81390871,144.9508734
-37.81836535,144.9691436
-37.81857582,144.9683351
-37.80791711,144.9724208
-37.81130365,144.9517492
-37.81637464,144.9763466
-37.81282402,144.967087
-37.8109764,144.9545818
-37.80533931,144.975139
-37.80788529,144.9671394
-37.80557834,144.950678
-37.81353386,144.9708969
-37.80638279,144.9715389
-37.81710029,144.9666417
-37.81361009,144.9638241
-37.81584759,144.9755889
-37.80708872,144.9666297
-37.81616243,144.9551586
-37.81343833,144.9543206
-37.82143473,144.9532748
-37.81381424,144.9568198
-37.80999923,144.9728972
-37.80998285,144.9566535
-37.81219673,144.9584641
-37.82258026,144.9597984
-37.80614902,144.972872
-37.81685256,144.9658313
-37.8061629,144.9538197
-37.81077186,144.9617672
-37.81582167,144.9544732
-37.82299968,144.9646688
-37.82068906,144.9695851
-37.82323643,144.9619284
-37.82297897,144.9696042
-37.82179558,144.9548408
-37.81079884,144.9517701
-37.81839174,144.9765119
-37.8122,144.962
-37.82183133,144.9631874
-37.8071396,144.9662372
-37.81453499,144.9669031
-37.81112723,144.9703797
-37.81878203,144.9608363
-37.80669721,144.9650619
-37.80887359,144.9669554
-37.80516616,144.9646538
-37.82291446,144.9716688
-37.80684221,144.9570979
-37.80610528,144.957395
-37.81414088,144.9730093
-37.81145429,144.9603354
-37.81714969,144.9596699
-37.82171696,144.9647091
-37.81184268,144.9719871
-37.82182948,144.9709274
-37.81978522,144.9683627
-37.81436933,144.9744031
-37.81636865,144.967822
-37.82030525,144.964174
-37.82091937,144.9709841
-37.81741234,144.9680652
-37.81169598,144.975741
-37.81306467,144.9743071
-37.80762914,144.9564552
-37.80950369,144.9583774
-37.81410954,144.9611027
-37.81056126,144.9595445
-37.8125822,144.9595375
-37.80540341,144.9530551
-37.81886389,144.9554225
-37.81058884,144.9634395
-37.80535933,144.9607127
-37.82297731,144.9521838
-37.81426518,144.9623253
-37.81142187,144.9757934
-37.8130576,144.9752811
-37.82196357,144.9506678
-37.81007779,144.9738295
-37.81802237,144.9561846
-37.81327369,144.9527875
-37.81801609,144.9696552
-37.81840611,144.9719386
-37.82217981,144.9722534
-37.80942182,144.9694891
-37.80605135,144.9567318
-37.80888458,144.9563244
-37.81065872,144.9508903
-37.80763357,144.9577699
-37.82338325,144.9529371
-37.80651155,144.9680079
-37.80838794,144.969576
-37.80736771,144.9535074
-37.80576941,144.9672419
-37.8180493,144.9510791
-37.81720231,144.9717342
-37.81990473,144.9712698
-37.81616153,144.9576987
-37.8194555,144.9631002
-37.82352679,144.9746363
-37.81006922,144.9687687
-37.8211258,144.9756998
-37.80733514,144.9561848
-37.80985488,144.9747691
-37.81878563,144.9559335
-37.80705653,144.9698399
-37.80554008,144.962334
-37.80740285,144.9705716
-37.81955836,144.9592948
-37.80623466,144.9653239
-37.80632705,144.9735723
-37.80546125,144.9578078
-37.81022615,144.9672639
-37.82253331,144.9681656
-37.81572913,144.9763644
-37.82215424,144.952062
-37.81143312,144.9625527
-37.82312165,144.9542785
-37.81863502,144.9587899
-37.82228965,144.9684792
-37.81823986,144.9681251
-37.80787012,144.9594332
-37.80776677,144.9636588
-37.82136516,144.9699881
-37.81207376,144.9573946
-37.80985467,144.9705861
-37.81366053,144.9633828
-37.81405601,144.9591902
-37.81937841,144.9662458
-37.80825048,144.9729538
-37.8155724,144.9746743
-37.82168677,144.9738869
-37.81782697,144.9632992
-37.82311473,144.9518345
-37.81000486,144.9704472
-37.81551142,144.9667592
-37.8179798,144.9574076
-37.80696354,144.9629368
-37.81494372,144.9565394
-37.82003069,144.9725943
-37.81662789,144.9537845
-37.8112285,144.9672285
-37.80776903,144.9619219
-37.81125997,144.9613413
-37.8152,144.9632
-37.82193496,144.9559284
-37.81178516,144.9725827
-37.81213897,144.9582042
-37.80913314,144.9577468
-37.80911929,144.9633267
-37.81497877,144.9566463
-37.80717173,144.9704554
-37.81767456,144.9509136
-37.80884298,144.9560022
-37.82072784,144.972934
-37.81438822,144.9738746
-37.81717822,144.9637657
-37.80787984,144.9667467
-37.80791756,144.9690184
-37.81548412,144.957198
-37.81830611,144.973829
-37.81354443,144.9694765
-37.8153,144.9756
-37.80761985,144.9638807
-37.8096121,144.9648826
-37.81956904,144.9624861
-37.81366489,144.9747416
-37.80982762,144.9586156
-37.81862275,144.9583387
-37.8177512,144.9587127
-37.8128175,144.9736283
-37.82037893,144.9736358
-37.81724847,144.952161
-37.81057539,144.957023
-37.8174083,144.9630389
-37.81810545,144.9662898
-37.81180289,144.9551631
-37.80793229,144.9657451
-37.80634923,144.9662582
-37.8139299,144.970733
-37.82135259,144.9660264
-37.81068485,144.9508055
-37.81909783,144.9761216
-37.82086813,144.9555503
-37.80576574,144.9567864
-37.81827789,144.9534778
-37.80999103,144.9686867
-37.81617521,144.9702218
-37.81954035,144.9634786
-37.80637855,144.973482
-37.80873388,144.9533213
-37.81588888,144.966133
-37.82036426,144.962698
-37.82259073,144.9570599
-37.81874272,144.9711874
-37.814,144.9633
-37.80797792,144.9705252
-37.81324989,144.9728659
-37.80717944,144.9755781
-37.8066209,144.9595266
-37.82100558,144.9633097
-37.82233168,144.9668603
-37.80752644,144.9740599
-37.81152297,144.9691647
-37.81293683,144.9546286
-37.82229368,144.9649975
-37.81133514,144.9568774
-37.80708591,144.953406
-37.81149017,144.9567886
-37.8108092,144.9636643
-37.81597967,144.9545891
-37.8080328,144.9716485
-37.80675687,144.9631861
-37.8167991,144.9690129
-37.81415094,144.9596518
-37.81629842,144.9733224
-37.81654981,144.9744253
-37.82002434,144.9692992
-37.80884738,144.9698392
-37.82006236,144.9524228
-37.8147006,144.9574459
-37.81500069,144.9729725
-37.82185949,144.9708794
-37.82310098,144.9733881
-37.81959046,144.9649407
-37.810671,144.9724543
-37.80973459,144.9760382
-37.81071952,144.9735658
-37.81558933,144.9724972
-37.80594993,144.9599106
-37.80806917,144.9631485
-37.80777046,144.9652203
-37.82040296,144.9706262
-37.80677571,144.9595432
-37.80733285,144.9563557
-37.81620835,144.9576816
-37.81637676,144.9611403
-37.82062981,144.9719807
-37.82222606,144.9538312
-37.80861884,144.975367
-37.81747194,144.9654238
-37.82305002,144.9616966
-37.80873943,144.9591156
-37.81351542,144.9585089
-37.80779558,144.9648782
-37.81281516,144.9633115
-37.8144108,144.9542533
-37.82237989,144.9660703
-37.81946056,144.9695864
-37.80773943,144.9645625
-37.80515976,144.9737922
-37.82209728,144.9593247
-37.82044278,144.9685723
-37.8192258,144.9585286
-37.80959355,144.9540316
-37.81367382,144.9636603
-37.8064684,144.9686221
-37.819154,144.9714965
-37.82032032,144.9574228
-37.80812654,144.9552339
-37.80688831,144.9729676
-37.81534893,144.9631935
-37.8071213,144.9605682
-37.80987298,144.9722033
-37.81073013,144.9557897
-37.8181,144.957
-37.81691934,144.9600257
-37.80627812,144.9643871
-37.82149802,144.9694571
-37.81369386,144.963819
-37.82259525,144.9693029
-37.81297679,144.9516055
-37.81182924,144.9508802
-37.81725299,144.961355
-37.81202543,144.9610532
-37.81720793,144.9710875
-37.80813188,144.9515271
-37.81404453,144.9521882
-37.82351624,144.9523531
-37.81048608,144.9575633
-37.81395067,144.9584248
-37.82118172,144.9522188
-37.80955263,144.973957
-37.82191017,144.9588368
-37.81462278,144.9577905
-37.80514151,144.9614152
-37.81681528,144.968428
-37.82258283,144.9743916
-37.8130868,144.9590438
-37.80560137,144.9516604
-37.80569295,144.9577738
-37.80736184,144.9619098
-37.81135387,144.9724228
-37.81400485,144.9746445
-37.82094343,144.9740499
-37.80875284,144.9761857
-37.82220022,144.952
-37.81887151,144.9661966
-37.80710873,144.9636377
-37.81436878,144.9519033
-37.81588526,144.9723474
-37.81399579,144.9567228
-37.82166113,144.9569088
-37.81776738,144.9735988
-37.81378383,144.9701258
-37.81640765,144.9693418
-37.80764114,144.9681685
-37.805195,144.9563142
-37.80815207,144.9721677
-37.81680798,144.9731753
-37.8182669,144.9647282
-37.80903591,144.9709635
-37.82093514,144.9621167
-37.82221119,144.9750393
-37.81587887,144.9682498
-37.8107011,144.9620061
-37.81495702,144.963821
-37.80657953,144.9716958
-37.81248714,144.9759767
-37.82180226,144.9631816
-37.82160362,144.9661412
-37.81538689,144.9663277
-37.81805926,144.9623145
-37.8135056,144.9724682
-37.80566983,144.9638614
-37.82063482,144.9686325
-37.81125345,144.9683219
-37.81921965,144.964496
-37.82242155,144.9539262
-37.80984427,144.9763831
-37.82320222,144.954444
-37.81605822,144.95719
-37.81965628,144.969585
-37.81395307,144.9551235
-37.81734015,144.9745809
-37.82033055,144.9553119
-37.81911225,144.9555417
-37.82048326,144.9571245
-37.8143644,144.9592734
-37.82204341,144.9700838
-37.82051566,144.9762558
-37.8135724,144.9553983
-37.81099375,144.9650449
-37.81014572,144.9599935
-37.81679035,144.9707401
-37.81090026,144.9520118
-37.80808462,144.9590724
-37.82101135,144.9517004
-37.80939171,144.9692116
-37.81192373,144.9529699
-37.81885506,144.9543119
-37.80963172,144.9730853
-37.81460718,144.9730611
-37.81983106,144.9608585
-37.81811513,144.9539862
-37.81912706,144.9660848
-37.82175615,144.9671047
-37.81296456,144.9618325
-37.81601728,144.9726096
-37.80742543,144.961549
-37.82303052,144.9656562
-37.81309855,144.9538525
-37.81743753,144.9591746
-37.82275234,144.9667644
-37.81254479,144.9710348
-37.80667939,144.975641
-37.82063234,144.9609852
-37.80647208,144.9732469
-37.82291683,144.9574724
-37.81311802,144.9678083
-37.81165698,144.9580631
-37.82039978,144.9507651
-37.82036253,144.9549597
-37.8204363,144.9517517
-37.82233937,144.9553215
-37.80925701,144.9723284
-37.81149871,144.9732504
-37.81552347,144.9729142
-37.8221282,144.9760291
-37.81801311,144.9520179
-37.81840831,144.9521813
-37.81310801,144.9668725
-37.81333453,144.9614875
-37.80813833,144.9520656
-37.81908237,144.973125
-37.82342325,144.9566532
-37.81366436,144.9671969
-37.81549186,144.9558917
-37.80823478,144.9527368
-37.80542199,144.956618
-37.80672672,144.9699121
-37.80552771,144.9512208
-37.8085626,144.9550278
-37.81958753,144.9554577
-37.80644895,144.9542299
-37.81050895,144.9593709
-37.81602716,144.9512198
-37.81434074,144.9763324
-37.81992742,144.9610279
-37.81421616,144.9714349
-37.81084551,144.9539891
-37.80875444,144.9735567
-37.8167294,144.9675842
-37.81716691,144.9621351
-37.81125367,144.9601671
-37.8227933,144.9613778
-37.81098989,144.9713293
-37.81971812,144.9663885
-37.81515032,144.9537646
-37.80948572,144.9654382
-37.80908851,144.9672906
-37.82277798,144.9761066
-37.81161773,144.9594305
-37.80933694,144.9625389
-37.82262277,144.9645186
-37.81159318,144.9706844
-37.82118986,144.9707944
-37.8234931,144.9698699
-37.81407906,144.9641002
-37.81600895,144.965224
-37.81262815,144.9755205
-37.81862369,144.9644081
-37.80841574,144.9646943
-37.82303016,144.9634463
-37.82238291,144.9698557
-37.81854995,144.9554243
-37.81250159,144.9608595
-37.80801194,144.9553519
-37.81332842,144.9641815
-37.81617186,144.9607628
-37.81330026,144.9623833
-37.81248439,144.9723596
-37.82096688,144.9744844
-37.81413239,144.9715304
-37.8138786,144.9677136
-37.81034574,144.9737934
-37.80681685,144.9640797
-37.81049204,144.9765119
-37.8065978,144.9567998
-37.81109052,144.9536282
-37.8136,144.963
-37.82243994,144.9623774
-37.81706513,144.9642506
-37.81341638,144.9573964
-37.80796505,144.9510176
-37.81490347,144.9718583
-37.80521333,144.9590364
-37.81275761,144.9631743
-37.81989726,144.9675539
-37.81650737,144.9550454
-37.81345699,144.9636203
-37.81299476,144.96111
-37.82041914,144.9625325
-37.8166772,144.9740299
-37.81354846,144.9663222
-37.82043463,144.966187
-37.80518693,144.9726393
-37.81904355,144.9613512
-37.81519785,144.9715756
-37.82284249,144.9635344
-37.80845124,144.9618863
-37.81111313,144.9595363
-37.81852222,144.9536562
-37.81150991,144.9716168
-37.82114653,144.9511007
-37.81429793,144.967194
-37.82279714,144.9555214
-37.81766646,144.9740032
-37.80918138,144.9703882
-37.80602165,144.9748472
-37.81066391,144.9517497
-37.81071413,144.9522527
-37.80601749,144.9684338
-37.82354835,144.9621451
-37.82233259,144.9606096
-37.82233205,144.9518651
-37.81564721,144.9530463
-37.80513949,144.9590325
-37.80929406,144.9720816
-37.80541667,144.9626835
-37.81711448,144.9756592
-37.81889279,144.9645474
-37.8148,144.963
-37.81458456,144.9710135
-37.80618685,144.9695717
-37.80855463,144.966709
-37.81724148,144.9747817
-37.82147641,144.9710602
-37.81504569,144.9684818
-37.8127573,144.976409
-37.82031315,144.9752181
-37.81250107,144.9595215
-37.81739518,144.9575549
-37.82352554,144.959851
-37.80807859,144.9640158
-37.81053278,144.9658441
-37.81682245,144.9628556
-37.80946049,144.9706667
-37.81246271,144.954116
-37.81887658,144.9748496
-37.8204945,144.9507358
-37.82167029,144.9640192
-37.81544864,144.950952
-37.81039011,144.9691266
-37.80843117,144.9758154
-37.82194309,144.9745999
-37.81115529,144.9594774
-37.82027527,144.9755566
-37.80831601,144.9672263
-37.80707315,144.953026
-37.82167292,144.968011
-37.80896132,144.9528809
-37.8170029,144.9539777
-37.82191235,144.9544233
-37.81140564,144.960567
-37.8110371,144.9661843
-37.8172,144.965
-37.80560061,144.9520946
-37.81246313,144.9530516
-37.81674947,144.9752455
-37.8235555,144.9741494
-37.80856006,144.9720004
-37.81472026,144.9628137
-37.82220399,144.9717429
-37.81777126,144.9583927
-37.80969501,144.964744
-37.8095047,144.9622721
-37.81363471,144.9542493
-37.82260841,144.9615266
-37.8167165,144.9698611
-37.80518736,144.972526
-37.81393127,144.957971
-37.81072415,144.9740098
-37.81036922,144.9585018
-37.80581813,144.967792
-37.80712936,144.9595327
-37.81430887,144.9537613
-37.81678874,144.9698383
-37.80887584,144.9593499
-37.82238291,144.9686265
-37.81068088,144.9719608
-37.81094811,144.9565136
-37.8059891,144.9556022
-37.81148285,144.9669385
-37.81668587,144.9668593
-37.80581144,144.9597642
-37.81363317,144.973243
-37.8195,144.951
-37.823334,144.9642907
-37.8166399,144.955556
-37.81797504,144.9724916
-37.80924315,144.9542192
-37.82336381,144.9761159
-37.82056933,144.9722147
-37.8187316,144.9516186
-37.82201579,144.9703483
-37.81194774,144.9746935
-37.81135464,144.9733106
-37.8136,144.972
-37.81918121,144.9662221
-37.80834706,144.9718487
-37.81673427,144.9729661
-37.81104443,144.9737509
-37.81992749,144.968655
-37.82220963,144.9681196
-37.81435865,144.972323
-37.81006649,144.9731027
-37.80774673,144.9613149
-37.82338295,144.9677296
-37.82225065,144.9741646
-37.82078963,144.9673942
-37.82185127,144.9666167
-37.81686793,144.9650421
-37.81403129,144.9588553
-37.81271502,144.9730951
-37.82044129,144.9536628
-37.82337781,144.9546424
-37.81965968,144.9688094
-37.82336891,144.9726989
-37.82039359,144.9713415
-37.80656091,144.9741457
-37.81210602,144.9663533
-37.82164786,144.9609787
-37.82163782,144.9592582
-37.81046221,144.9757388
-37.80664166,144.9658082
-37.81522854,144.9669404
-37.82172884,144.9644743
-37.81235517,144.9670347
-37.82318531,144.9608445
-37.80571597,144.9669616
-37.80935307,144.9618402
-37.82309359,144.9685638
-37.8161,144.956
-37.81465089,144.9725287
-37.81355521,144.9508222
-37.81868031,144.9759128
-37.82230721,144.9641174
-37.80763014,144.9556453
-37.82305712,144.9578471
-37.80985537,144.9508304
-37.80786073,144.9517749
-37.80602091,144.9658427
-37.805608,144.9737914
-37.8224517,144.9649565
-37.82249423,144.9645775
-37.81153764,144.9701418
-37.80837178,144.9574689
-37.81218896,144.958606
-37.82078135,144.973657
-37.81784706,144.9704808
-37.81319429,144.960817
-37.80956308,144.9701873
-37.80756043,144.9624906
-37.82214238,144.9540205
-37.80692458,144.966055
-37.81996775,144.9730405
-37.81463872,144.9671212
-37.81882559,144.9679837
-37.81587498,144.964943
-37.82137155,144.9753185
-37.8187,144.958
-37.80524744,144.9651097
-37.8076633,144.953161
-37.81129396,144.9541984
-37.8177756,144.9713662
-37.8177123,144.9544944
-37.81361663,144.97404
-37.82188205,144.9660491
-37.82005602,144.9731706
-37.81342336,144.9656871
-37.81898455,144.9626711
-37.81332899,144.9627204
-37.80642785,144.9556649
-37.80842425,144.9545495
-37.81803702,144.9657248
-37.80602514,144.9754924
-37.81452387,144.9592769
-37.80595733,144.9523288
-37.80682148,144.9556177
-37.81908577,144.9571606
-37.81662718,144.9544605
-37.8155456,144.9538222
-37.80537227,144.9611204
-37.81142622,144.9643746
-37.81967517,144.9553874
-37.81235073,144.9527743
-37.81624798,144.9714434
-37.80905552,144.9582339
-37.81999954,144.9570476
-37.81124551,144.9696586
-37.81836466,144.9680191
-37.81990322,144.9618621
-37.80818289,144.951397
-37.81537917,144.9632792
-37.80943112,144.9761425
-37.81403222,144.9610952
-37.82065476,144.9624362
-37.80656471,144.975252
-37.81182786,144.9665419
-37.81502627,144.965544
-37.8067,144.962
-37.8187063,144.9514001
-37.80969355,144.9715003
-37.81552486,144.9751863
-37.81090539,144.9676384
-37.80824336,144.9764219
-37.81998298,144.9528479
-37.82181475,144.9575945
-37.80606808,144.969827
-37.81203347,144.9705664
-37.80991973,144.9545135
-37.81737431,144.9612339
-37.82231043,144.9667806
-37.82328599,144.9564392
-37.80578186,144.9746418
-37.81363597,144.9597748
-37.81689841,144.9594522
-37.81871021,144.9563394
-37.81875046,144.9721088
-37.80788501,144.975869
-37.81444019,144.9740676
-37.8066478,144.9653318
-37.81766866,144.9654184
-37.81268119,144.9526828
-37.81904365,144.9569909
-37.82302123,144.9527292
-37.80953071,144.9614452
-37.8134643,144.9705633
-37.82308127,144.9540603
-37.80545166,144.9509547
-37.81474876,144.9573675
-37.80776744,144.9606696
-37.80670934,144.9553646
-37.8062273,144.9676106
-37.8126,144.955
-37.82171698,144.9716411
-37.81576437,144.9739039
-37.80559494,144.9654946
-37.82155474,144.9687443
-37.82254374,144.9765364
-37.81326782,144.9705601
-37.81286266,144.9592317
-37.8215606,144.972361
-37.80766839,144.973122
-37.81436667,144.9543352
-37.80919951,144.9602175
-37.80882938,144.9627945
-37.81839,144.9634368
-37.80786894,144.9534575
-37.81099305,144.9634438
-37.81765562,144.9677245
-37.82209222,144.9539982
-37.80947669,144.9690968
-37.81963985,144.9698412
-37.80574877,144.9631523
-37.80658767,144.9615112
-37.8053744,144.9624885
-37.8114362,144.9674979
-37.82067107,144.970007
-37.8063104,144.9740471
-37.81876902,144.9514305
-37.81115914,144.959008
-37.8149,144.963
-37.81194793,144.9655302
-37.80959603,144.975064
-37.82059677,144.9709043
-37.80566526,144.9710292
-37.80798939,144.9702953
-37.81640804,144.9550316
-37.80637808,144.9566908
-37.82051089,144.9510228
-37.81367134,144.9539201
-37.81686778,144.9710249
-37.80792533,144.9716491
-37.81840545,144.9567208
-37.82020957,144.968253
-37.81319675,144.9526631
-37.82005518,144.9573926
-37.82053559,144.9610214
-37.822,144.953
-37.81823228,144.9561836
-37.8212638,144.9652599
-37.80754251,144.9739065
-37.82110903,144.9624505
-37.82236421,144.9686532
-37.81017239,144.9700313
-37.81800136,144.9764167
-37.8106979,144.9677331
-37.81898735,144.9575571
-37.81714635,144.968147
-37.81351306,144.955028
-37.81338464,144.9689979
-37.81479519,144.95762
-37.81035489,144.9630055
-37.81778505,144.9623529
-37.80898894,144.9702931
-37.81280482,144.9626177
-37.81035375,144.9689073
-37.82150142,144.9643296
-37.80983826,144.9581866
-37.81220326,144.9575115
-37.8118776,144.9708048
-37.81490372,144.9606025
-37.81692811,144.9674897
-37.807788,144.9644006
-37.82325905,144.9760463
-37.81499493,144.9522618
-37.81046566,144.9567794
-37.8143775,144.9679586
-37.81103905,144.9542997
-37.82174597,144.9680291
-37.8086666,144.9556077
-37.80789797,144.9585569
-37.80793707,144.9715266
-37.81365287,144.9584602
-37.81590442,144.9661972
-37.81467997,144.9568074
-37.81274899,144.9523247
-37.81137595,144.9694671
-37.8166,144.962
-37.81310924,144.9696063
-37.80645825,144.974712
-37.81694384,144.9570978
-37.82307774,144.965312
-37.80715042,144.9743667
-37.82235644,144.9695071
-37.81922632,144.9711223
-37.81175062,144.9687512
-37.81197645,144.9651907
-37.81313686,144.9681604
-37.81499829,144.9638997
-37.81883979,144.9684822
-37.82257627,144.9641306
-37.80556426,144.9756283
-37.82186556,144.9578769
-37.82088575,144.9761135
-37.80615808,144.9639678
-37.81483678,144.9675831
-37.8199758,144.9744178
-37.80911315,144.9634544
-37.80825387,144.9676749
-37.81232888,144.9596861
-37.81171693,144.976491
-37.81904959,144.9761652
-37.80534315,144.9675143
-37.81718602,144.9737148
-37.81236537,144.9617273
-37.81439086,144.9617439
-37.81786608,144.9628202
-37.80811189,144.9618075
-37.8168255,144.9668902
-37.8175534,144.9575845
-37.80752503,144.9736116
-37.80627015,144.9515214
-37.80714103,144.9554341
-37.81193592,144.9667402
-37.81624214,144.9654078
-37.81899432,144.973155
-37.80917662,144.9507305
-37.81913686,144.952443
-37.82260443,144.9518244
-37.81672054,144.9598559
-37.8069309,144.9659381
-37.8191,144.962
-37.81794816,144.9660712
-37.80772094,144.9649361
-37.8069095,144.9650167
-37.80854748,144.9599154
-37.81546716,144.9631918
-37.8168693,144.9538785
-37.80768992,144.9727592
-37.80808638,144.9755142
-37.82224718,144.9664592
-37.82005826,144.9638926
-37.82170704,144.9683758
-37.82088327,144.975571
-37.80849594,144.9612402
-37.80758887,144.9530591
-37.82226063,144.972101
-37.81145215,144.9561321
-37.81552601,144.9604404
-37.81463553,144.9671644
-37.81560147,144.9727537
-37.82163384,144.9641768
-37.815,144.963
-37.8235553,144.9572081
-37.82047031,144.9613502
-37.82029345,144.9553663
-37.82088955,144.9604281
-37.82097079,144.9655204
-37.8203654,144.9703562
-37.81412766,144.9667448
-37.82001426,144.9603585
-37.80782611,144.9721577
-37.82005755,144.9716561
-37.80542556,144.9541836
-37.82288988,144.9739557
-37.81994881,144.9600805
-37.81954951,144.9596506
-37.81774628,144.954666
-37.82037174,144.9671802
-37.81289371,144.975688
-37.81852972,144.9521828
-37.80556003,144.9590021
-37.80955316,144.9639497
-37.81791603,144.9556813
-37.809681,144.9649008
-37.80880857,144.9695291
-37.81181686,144.9659577
-37.81348882,144.9556612
-37.82320483,144.9550805
-37.80951776,144.953366
-37.8166,144.96
-37.81454676,144.9699361
-37.82133041,144.9529575
-37.81528643,144.9641341
-37.82184961,144.9515571
-37.82128887,144.9755633
-37.81825091,144.9639952
-37.81306037,144.9632401
-37.80834155,144.9585116
-37.81762114,144.971938
-37.81991172,144.963877
-37.81839437,144.9646245
-37.82285175,144.9689191
-37.80555159,144.9744602
-37.81025796,144.9667999
-37.81859788,144.9723048
-37.8213,144.969
-37.8189009,144.958628
-37.81667244,144.9524229
-37.80993804,144.971359
-37.80676342,144.9507088
-37.81252092,144.9670254
-37.81128966,144.9735347
-37.80641852,144.9728206
-37.80562967,144.9761482
-37.80961805,144.9508371
-37.82205196,144.9569677
-37.81651767,144.9578495
-37.8168291,144.9531797
-37.82083724,144.9564216
-37.8107,144.97
-37.81908759,144.9610021
-37.80980569,144.9646641
-37.80682623,144.962817
-37.82204279,144.9624502
-37.8148242,144.9590922
-37.80832744,144.97355
-37.81409721,144.9533535
-37.80862909,144.9555821
-37.80786402,144.9655416
-37.8215601,144.9653158
-37.80858242,144.9530443
-37.82168847,144.9537039
-37.81953621,144.9621515
-37.80989176,144.9567773
-37.81870638,144.9638505
-37.80878779,144.957466
-37.81397727,144.9717184
-37.81109898,144.9717831
-37.80667582,144.9699597
-37.82161462,144.9608676
-37.80848159,144.9692233
-37.82217197,144.9720507
-37.82265529,144.9557729
-37.80937422,144.9604181
-37.80771421,144.9736434
-37.81421315,144.9725548
-37.8122207,144.9643737
-37.81056207,144.9513629
-37.81628039,144.9637887
-37.81216537,144.9688987
-37.81965241,144.9678842
-37.81168561,144.9580145
-37.81320548,144.9642746
-37.81314629,144.9574962
-37.80800003,144.9567583
-37.80902401,144.9655747
-37.81412538,144.967294
-37.81436393,144.9575092
-37.82245496,144.974294
-37.80878422,144.9533121
-37.81873133,144.9705583
-37.82022159,144.974535
-37.80919925,144.9636491
-37.81055591,144.9530239
-37.80574177,144.9607497
-37.82148353,144.9631682
-37.81630682,144.9564112
-37.80944206,144.9561749
-37.82115452,144.9699055
-37.82024191,144.9718499
-37.81838351,144.9702638
-37.82169204,144.9718839
-37.81029804,144.9613322
-37.80974864,144.9529955
-37.81480449,144.9688219
-37.81065974,144.9522072
-37.80990213,144.968101
-37.806509,144.9598788
-37.81169121,144.9753872
-37.80966468,144.961719
-37.811,144.962
-37.81060154,144.9743982
-37.81899904,144.9654832
-37.80542805,144.9613756
-37.81406625,144.9657392
-37.81996348,144.9574456
-37.81033457,144.9649191
-37.81028266,144.9518704
-37.81258634,144.9734678
-37.82280312,144.9638189
-37.82198121,144.9606005
-37.80606392,144.9671769
-37.81854983,144.9725451
-37.81197933,144.9590622
-37.81525768,144.9632867
-37.81539866,144.9530109
-37.82017691,144.9574048
-37.81837543,144.9599445
-37.81638633,144.9555707
-37.82050867,144.964487
-37.81326546,144.9581666
-37.81015509,144.957316
-37.81375706,144.9621419
-37.81259143,144.9563564
-37.81485342,144.968247
-37.81274762,144.9671464
-37.80727167,144.9623501
-37.8082528,144.9706854
-37.81674483,144.967653
-37.8159,144.965
-37.81327323,144.9618673
-37.80688443,144.9563325
-37.82036885,144.9627822
-37.82248558,144.9540494
-37.8167531,144.9596168
-37.82041024,144.9643402
-37.82217538,144.9595994
-37.81189166,144.9523914
-37.81627765,144.9746337
-37.81169826,144.9595749
-37.81030461,144.9576041
-37.81608865,144.9553995
-37.80895955,144.9521557
-37.81466674,144.9726117
-37.80692416,144.971649
-37.81091922,144.9746896
-37.80786875,144.9523307
-37.8181,144.962
-37.81154076,144.9658567
-37.82242462,144.9719447
-37.82292645,144.973182
-37.81121627,144.9674886
-37.8152294,144.9741715
-37.81546567,144.9761139
-37.81353719,144.9593474
-37.82254065,144.9660652
-37.8189624,144.9747855
-37.81917037,144.9764462
-37.81208048,144.9609979
-37.81205437,144.9683478
-37.81541757,144.9585954
-37.82203214,144.9527655
-37.81293684,144.9555765
-37.80917932,144.9729988
-37.80785863,144.9735032
-37.81985255,144.9652504
-37.81705694,144.9706381
-37.82000277,144.9742743
-37.81935624,144.9635581
-37.81663167,144.962239
-37.81426711,144.971492
-37.80735596,144.9616799
-37.80880542,144.959236
-37.80883691,144.9597295
-37.81351888,144.9633401
-37.81981794,144.9528575
-37.80890546,144.9629967
-37.82009685,144.9662059
-37.81178302,144.9667115
-37.81458214,144.9734529
-37.81135907,144.9605328
-37.81186848,144.964194
-37.81910575,144.9561936
-37.81467299,144.9530887
-37.81983058,144.9652859
-37.81281411,144.9551326
-37.80533999,144.9551541
-37.81973404,144.9559292
-37.81075891,144.9689207
-37.80736368,144.9713123
-37.82017747,144.9707323
-37.81443013,144.9619541
-37.80959311,144.9647779
-37.81983154,144.9588877
-37.81008509,144.9583577
-37.8128765,144.9604625
-37.80711001,144.961494
-37.81182421,144.9584148
-37.80793325,144.9691339
-37.81048355,144.9566157
-37.8109,144.958
-37.81347092,144.9599478
-37.81049658,144.9637756
-37.80595513,144.9659982
-37.81334168,144.9616773
-37.82330151,144.9681562
-37.82173195,144.9598974
-37.81528664,144.9652383
-37.80860062,144.964336
-37.82201338,144.9616067
-37.81645923,144.9629777
-37.81618292,144.9705759
-37.8128638,144.9517801
-37.80632078,144.9718337
-37.81990379,144.9713783
-37.81812734,144.9668212
-37.81791078,144.9553223
-37.81882228,144.9759838
-37.81085156,144.9626945
-37.81238294,144.9574663
-37.81018442,144.9750585
-37.81260193,144.9526725
-37.80572971,144.9653471
-37.81056118,144.958102
-37.81961281,144.9683369
-37.82240498,144.9720617
-37.81324916,144.9644019
-37.8084483,144.9636436
-37.81289631,144.9535448
-37.8055897,144.9696899
-37.81254751,144.9618932
-37.81363677,144.9582849
-37.81728264,144.9671344
-37.81455721,144.9575961
-37.8059534,144.9549898
-37.82090484,144.9512363
-37.80669444,144.9631256
-37.81867594,144.9681806
-37.81439995,144.9565558
-37.81483902,144.9743252
-37.82213896,144.974824
-37.81661466,144.9747021
-37.82203146,144.9682449
-37.81090135,144.9708383
-37.80539025,144.9590612
-37.82304152,144.9740966
-37.81913029,144.9756205
-37.80548601,144.9740592
-37.80762651,144.9606545
-37.81994411,144.9710852
-37.81049019,144.9729629
-37.80781868,144.9615032
-37.81274588,144.9676303
-37.81646728,144.9509297
-37.81154199,144.9685253
-37.80811569,144.971968
-37.81084221,144.9709868
-37.81522496,144.9677888
-37.82044883,144.956195
-37.81997513,144.9618034
-37.81642414,144.9691745
-37.81568997,144.9712714
-37.81933037,144.9594005
-37.82243524,144.972427
-37.81350487,144.9602483
-37.80653602,144.9634554
-37.81738394,144.9646042
-37.82265338,144.9733688
-37.81772555,144.962654
-37.80956095,144.9575017
-37.81629004,144.9689818
-37.80729521,144.96845
-37.8202886,144.9633328
-37.81417219,144.9704777
-37.80885551,144.9706179
-37.81729306,144.9593815
-37.8206,144.964
-37.81317424,144.9665251
-37.81908753,144.9595379
-37.8162717,144.9572107
-37.80597595,144.9565587
-37.82070516,144.9674064
-37.80574959,144.9733499
-37.82258651,144.9694251
-37.80833655,144.9575115
-37.80806986,144.9743761
-37.80578239,144.9617479
-37.81577626,144.9733229
-37.81853581,144.97452
-37.8195618,144.9622819
-37.82010129,144.958046
-37.81137939,144.9526136
-37.82307972,144.9586766
-37.82105418,144.9723965
-37.80977058,144.961592
-37.81129724,144.9570689
-37.80798854,144.9613267
-37.8168,144.966
-37.82102433,144.9755461
-37.81331437,144.9590872
-37.80798242,144.9698733
-37.8138391,144.9523901
-37.81292807,144.9750073
-37.80674265,144.95186
-37.80763637,144.9590724
-37.8204395,144.9649298
-37.82108926,144.9682722
-37.81232343,144.9660869
-37.81352848,144.9713697
-37.81693567,144.9691871
-37.82199413,144.9575165
-37.81903429,144.9524752
-37.81611952,144.9537493
-37.81858535,144.9653255
-37.82116782,144.97276
-37.80846153,144.9662583
-37.8141311,144.9691064
-37.80714256,144.9648365
-37.81081872,144.9582061
-37.81786587,144.95828
-37.81435454,144.9720591
-37.81199059,144.9681455
-37.80770135,144.9553332
-37.82121277,144.9745482
-37.80820159,144.9678423
-37.81777781,144.975919
-37.81447217,144.9506885
-37.81155638,144.9682673
-37.81449007,144.9734905
-37.80818508,144.9688298
-37.80879387,144.9611032
-37.81714814,144.9687776
-37.80680339,144.9760104
-37.80653711,144.9753082
-37.81975907,144.9762094
-37.80790099,144.9637271
-37.81202046,144.9572562
-37.80579679,144.9686344
-37.82231819,144.9524137
-37.805347,144.9731344
-37.81623041,144.9702188
-37.81912295,144.9579225
-37.80941254,144.9664855
-37.81808139,144.9754436
-37.81537498,144.958963
-37.80752353,144.9757147
-37.80951291,144.9707935
-37.81702815,144.9679017
-37.81476893,144.9760401
-37.82245049,144.9642507
-37.81923105,144.9676622
-37.8186343,144.970142
-37.80514024,144.9658542
-37.80726356,144.9664497
-37.80602117,144.9595712
-37.80606071,144.9577418
-37.80724236,144.9654892
-37.80576188,144.973233
-37.81461648,144.9548871
-37.80982733,144.9636741
-37.81041384,144.9523438
-37.81271234,144.9658971
-37.81528711,144.9685952
-37.81719225,144.9745673
-37.81395839,144.9753598
-37.81190175,144.9553221
-37.81691734,144.96779
-37.81972012,144.9608156
-37.81374063,144.9712312
-37.80874788,144.9676024
-37.82200474,144.971561
-37.80903006,144.9646028
-37.81088776,144.9724407
-37.82335126,144.9641828
-37.81311743,144.9620956
-37.80584014,144.9520456
-37.82347909,144.9639762
-37.82256473,144.9748158
-37.81667923,144.9742968
-37.80660359,144.9730713
-37.81873928,144.9743068
-37.81285579,144.9689299
-37.81895933,144.9619128
-37.81444765,144.969816
-37.8184,144.957
-37.81020404,144.9730051
-37.80816202,144.9654793
-37.80894894,144.9756927
-37.82247679,144.9732714
-37.8183306,144.974643
-37.81784484,144.9603066
-37.81483451,144.9662333
-37.8199382,144.9668147
-37.80829883,144.971917
-37.8157432,144.9711744
-37.80721791,144.9508848
-37.81257378,144.9633158
-37.81470255,144.9746571
-37.81019174,144.9678013
-37.80746578,144.975845
-37.80885983,144.9751049
-37.81951848,144.9743201
-37.81812996,144.953188
-37.81379186,144.9529328
-37.81615344,144.9586013
-37.81273972,144.9528822
-37.81181109,144.9623001
-37.81841061,144.9708522
-37.81882575,144.9726661
-37.81353176,144.9672082
-37.81355539,144.9700841
-37.81687663,144.9612744
-37.81987924,144.971534
-37.81114228,144.9593456
-37.8162167,144.9581556
-37.810113,144.9549145
-37.80544687,144.9695385
-37.80525755,144.9725221
-37.81930218,144.9655808
-37.81254781,144.9542637
-37.80758267,144.9630738
-37.82010662,144.9508238
-37.8133,144.971
-37.80725266,144.9651388
-37.80792799,144.9575821
-37.81765128,144.9733462
-37.81171275,144.9628126
-37.8165618,144.9562505
-37.81942213,144.9747126
-37.81795003,144.9510346
-37.82085373,144.9686643
-37.80747651,144.9696154
-37.80920276,144.9536404
-37.81164451,144.972708
-37.81403267,144.9571713
-37.81331376,144.9637916
-37.82235639,144.9527332
-37.81803491,144.9630368
-37.81803597,144.9660195
-37.8152,144.964
-37.81476757,144.970784
-37.80789669,144.9600474
-37.82187216,144.9763705
-37.80665582,144.9638414
-37.81314287,144.9593894
-37.82154603,144.9531412
-37.81288066,144.9716184
-37.80624295,144.9562429
-37.81475955,144.9556085
-37.81604212,144.9672633
-37.82074825,144.9538602
-37.81561862,144.9637961
-37.80668695,144.9671544
-37.82068405,144.9642244
-37.81765277,144.9642482
-37.81385664,144.9662
-37.80593464,144.9563716
-37.80594609,144.9631789
-37.80605999,144.9699986
-37.82198681,144.9628206
-37.8223954,144.9631859
-37.82349177,144.9707935
-37.80895778,144.9553976
-37.81419127,144.9655709
-37.82195421,144.9765371
-37.8111564,144.9655809
-37.81135071,144.9728868
-37.81740334,144.9743715
-37.80838853,144.9696375
-37.8140479,144.9548016
-37.81590449,144.9570699
-37.82298854,144.9724652
-37.80970213,144.9755458
-37.80925117,144.9722576
-37.80927185,144.9643173
-37.81440947,144.9634819
-37.81135967,144.9694889
-37.80945025,144.9630049
-37.81732594,144.9763012
-37.8103054,144.9524659
-37.81611794,144.9620371
-37.81149947,144.9724749
-37.82004286,144.9671654
-37.80812041,144.9543488
-37.81879606,144.9657665
-37.8087437,144.9733735
-37.81727525,144.9750062
-37.81158277,144.9665099
-37.81624504,144.972473
-37.81432132,144.9537104
-37.81127464,144.9652211
-37.8096,144.963
-37.81082129,144.9619145
-37.82168321,144.9561912
-37.8086519,144.9702236
-37.81109423,144.9522638
-37.81885471,144.9756785
-37.80652276,144.9627532
-37.81368054,144.9632375
-37.80583502,144.9510629
-37.80934562,144.9589896
-37.81501263,144.9735539
-37.82140347,144.9631295
-37.8192126,144.9588437
-37.81547929,144.9680331
-37.8097786,144.9745068
-37.8100066,144.9716814
-37.8119901,144.968646
-37.80750078,144.974078
-37.81722214,144.9577163
-37.81577881,144.9531047
-37.8158672,144.9623856
-37.80845736,144.954589
-37.82308899,144.95103
-37.81960583,144.9644901
-37.82154902,144.9613923
-37.81820178,144.9702992
-37.81791147,144.9546121
-37.82126193,144.950856
-37.82348297,144.9669051
-37.81139077,144.9744136
-37.8101,144.964
-37.81125272,144.9728854
-37.82185691,144.9702201
-37.80944086,144.9657939
-37.82301205,144.9644268
-37.80751136,144.9558781
-37.80888746,144.9759991
-37.8195584,144.9714348
-37.81216741,144.9541091
-37.81087564,144.9528546
-37.80667559,144.9659287
-37.81473955,144.9738391
-37.81352447,144.9623281
-37.82003657,144.9673671
-37.81694573,144.9537407
-37.81984983,144.9669928
-37.81621537,144.9705562
-37.80634853,144.9636697
-37.8154413,144.969563
-37.80640837,144.9561587
-37.82281706,144.961339
-37.80927289,144.9753874
-37.81914038,144.9617109
-37.81878086,144.9548284
-37.80559988,144.9697256
-37.81710579,144.9687675
-37.80777266,144.9623225
-37.81384956,144.9660117
-37.80802551,144.9751165
-37.81724318,144.9666246
-37.81747657,144.9598784
-37.81534887,144.9556453
-37.81185059,144.9749084
-37.82088993,144.973783
-37.82182676,144.9640787
-37.81882076,144.9732768
-37.81033238,144.9744104
-37.80783693,144.9696028
-37.81129975,144.9670826
-37.81886028,144.9579388
-37.81997781,144.9581687
-37.82220881,144.9581701
-37.81437107,144.95446
-37.80915278,144.9726461
-37.81682981,144.9707277
-37.8142892,144.9665353
-37.80825966,144.9525588
-37.82168604,144.974633
-37.80897473,144.9531864
-37.80969043,144.9517626
-37.80663649,144.9758115
-37.81207378,144.954477
-37.80881047,144.9717293
-37.80688205,144.9600074
-37.81411926,144.955517
-37.81524556,144.9632271
-37.81039613,144.9731021
-37.81582459,144.9695472
-37.81046608,144.9694559
-37.81481897,144.9701643
-37.81128446,144.951825
-37.80539124,144.953898
-37.81311523,144.9578191
-37.81230907,144.9756768
-37.81045768,144.9625296
-37.81103246,144.9623524
-37.81588321,144.9645826
-37.81421855,144.9736057
-37.80857119,144.9645807
-37.8183113,144.9754985
-37.81167653,144.9715326
-37.80535734,144.9562617
-37.81179911,144.9571407
-37.81063788,144.9654179
-37.82331559,144.9662676
-37.8144039,144.9711093
-37.81022055,144.96097
-37.81428538,144.951847
-37.81059298,144.966719
-37.8112505,144.9554629
-37.81317273,144.9606585
-37.8140092,144.9580249
-37.80626815,144.9605015
-37.81112671,144.9757986
-37.80604364,144.9586354
-37.80565543,144.9655542
-37.81561411,144.9743202
-37.82094766,144.9589284
-37.80914699,144.9641088
-37.81344743,144.9634672
-37.82129931,144.9590581
-37.81745112,144.9588711
-37.80892778,144.9555998
-37.81404583,144.9509104
-37.81963541,144.9526003
-37.81814245,144.9581639
-37.80613315,144.9670233
-37.81323635,144.9535437
-37.81062591,144.9513742
-37.80595781,144.963614
-37.80891342,144.9715396
-37.81481914,144.962009
-37.81227447,144.9612948
-37.8135,144.96
-37.80752814,144.9737214
-37.82109805,144.9764673
-37.8159224,144.9734375
-37.81790147,144.9681639
-37.8116569,144.970676
-37.81561693,144.9731468
-37.81280076,144.9745078
-37.81915023,144.9630115
-37.81043826,144.9688579
-37.8102157,144.9668033
-37.8155033,144.9604707
-37.81997452,144.9566125
-37.81258978,144.9681462
-37.80515455,144.9729929
-37.81655716,144.9643427
-37.80630197,144.9547838
-37.81633177,144.9519203
-37.8120818,144.9629894
-37.81381076,144.9565768
-37.81489027,144.9705368
-37.81572794,144.9524413
-37.81618301,144.9708506
-37.80837603,144.9606638
-37.8105,144.956
-37.8123045,144.9764488
-37.81267809,144.9744057
-37.80810679,144.9707438
-37.81483593,144.9584096
-37.82196397,144.9571354
-37.81021834,144.9510493
-37.82274718,144.9693516
-37.81461861,144.973433
-37.81463162,144.9641342
-37.81681285,144.9573581
-37.81085876,144.9644003
-37.8110894,144.9687622
-37.80967999,144.9570257
-37.80879195,144.955367
-37.81740267,144.9597856
-37.81214076,144.9732469
-37.81919988,144.966845
-37.82285937,144.9681397
-37.80689466,144.9618592
-37.82233418,144.9552118
-37.81630102,144.9708487
-37.82278713,144.9734
-37.82139227,144.9735072
-37.8104,144.958
-37.81367468,144.9566108
-37.80662497,144.9546853
-37.82040534,144.9699954
-37.81611136,144.9547953
-37.82062201,144.9547073
-37.81239481,144.9702472
-37.81515731,144.9578562
-37.81947921,144.9660988
-37.80836492,144.9672867
-37.81417301,144.9579377
-37.82148765,144.9680725
-37.81472202,144.9545213
-37.80989253,144.9523631
-37.81338034,144.9605372
-37.80683409,144.969465
-37.80674028,144.975212
-37.81336896,144.9517447
-37.8115445,144.971489
-37.81849409,144.9585537
-37.81837641,144.9717557
-37.81072879,144.9578213
-37.81531841,144.9618634
-37.81666398,144.9713378
-37.81422176,144.9625897
-37.8144782,144.9696098
-37.81674919,144.9579561
-37.80760767,144.9646925
-37.80796407,144.9678432
-37.8208278,144.9694639
-37.8121,144.961
-37.82130152,144.9552819
-37.81027679,144.966391
-37.80816647,144.9712063
-37.81967731,144.9708076
-37.81469469,144.9562267
-37.81249784,144.9651913
-37.81667575,144.9694969
-37.80755935,144.9644966
-37.81425978,144.953631
-37.81391834,144.9754523
-37.80907805,144.957405
-37.82130899,144.9732138
-37.81418672,144.9596769
-37.81357042,144.9667569
-37.8213002,144.9581805
-37.81215489,144.9708896
-37.80901872,144.9601515
-37.816301,144.9705807
-37.81501011,144.9523472
-37.80901432,144.9692536
-37.81395642,144.9514517
-37.817364,144.9729999
-37.82050496,144.9515577
-37.8214,144.964
-37.80741833,144.9616375
-37.81461123,144.9612867
-37.81108384,144.9522195
-37.82133492,144.9614142
-37.81437503,144.9723828
-37.82260833,144.97372
-37.81624163,144.969952
-37.82157282,144.9566056
-37.82031295,144.9523205
-37.8077945,144.9671017
-37.81127142,144.9687153
-37.81057403,144.9739375
-37.81134247,144.9649583
-37.82160393,144.9511337
-37.82043985,144.9550085
-37.81020212,144.956517
-37.81087978,144.9537071
-37.80522753,144.9658234
-37.81266602,144.9538387
-37.82054541,144.9537053
-37.81271623,144.9629153
-37.81936761,144.9759854
-37.81793726,144.9673484
-37.82010636,144.9760097
-37.82330907,144.9559639
-37.81677657,144.9512756
-37.81312716,144.9539345
-37.8150451,144.9526364
-37.82256973,144.9535676
-37.80963906,144.9681242
-37.81848329,144.9511088
-37.81076049,144.9545988
-37.81590462,144.9571862
-37.81703852,144.9635905
-37.82346685,144.9594082
-37.82282127,144.9658658
-37.8130906,144.9507254
-37.80987866,144.9681844
-37.82108904,144.9700807
-37.8219767,144.9588725
-37.81449529,144.9516351
-37.82071698,144.9705216
-37.82264438,144.9573842
-37.81490264,144.9608245
-37.8197629,144.9515058
-37.82059618,144.9583211
-37.81928274,144.9734047
-37.81238947,144.9748112
-37.81987368,144.9601751
-37.81195099,144.9743679
-37.8213,144.966
-37.81542702,144.9512387
-37.81601087,144.9682556
-37.81550156,144.9755396
-37.82015842,144.9609458
-37.80557777,144.9534645
-37.81885531,144.9667481
-37.81551796,144.960138
-37.81921037,144.9593446
-37.81498904,144.9723124
-37.80956443,144.9596966
-37.82247623,144.9523732
-37.81956548,144.9538727
-37.8113003,144.9507086
-37.80763355,144.9624402
-37.81520044,144.974922
-37.81106192,144.959034
-37.80816489,144.9630663
-37.80786098,144.9714691
-37.8176605,144.9549437
-37.81585188,144.976105
-37.81432293,144.9612491
-37.80585964,144.9616978
-37.82227409,144.9765072
-37.8096,144.96
-37.81206117,144.9655675
-37.82130162,144.9578825
-37.80671699,144.9650126
-37.8127175,144.9638631
-37.81115801,144.9598529
-37.81593406,144.9558665
-37.82137271,144.9644692
-37.8053863,144.9552368
-37.81943603,144.9682254
-37.8158,144.966
-37.82042035,144.9528267
-37.81384928,144.9540862
-37.82324545,144.9545155
-37.8146408,144.9626965
-37.81547858,144.9671157
-37.82108527,144.9708258
-37.8124389,144.9634628
-37.80705061,144.9526031
-37.80672609,144.9755933
-37.80651242,144.9596847
-37.81403995,144.9606399
-37.80760763,144.9761663
-37.81301959,144.965414
-37.81370196,144.9684481
-37.81632873,144.9625908
-37.81535134,144.9570293
-37.81715243,144.9718997
-37.81958794,144.9585356
-37.80663136,144.9685407
-37.81963426,144.9561282
-37.81534565,144.9558503
-37.80997587,144.9536098
-37.81377023,144.9525471
-37.80923502,144.9657178
-37.82010911,144.9616682
-37.82008519,144.970957
-37.82145318,144.9713739
-37.80733381,144.9685137
-37.80906039,144.9554162
-37.81965686,144.95888
-37.82226825,144.9753205
-37.80526734,144.9594226
-37.80855563,144.9721115
-37.81548857,144.9684871
-37.81003535,144.9730582
-37.80796093,144.9760606
-37.81354306,144.9623245
-37.81900438,144.9616792
-37.80868213,144.9684407
-37.81324116,144.959806
-37.8207231,144.960884
-37.81278984,144.9661798
-37.81364282,144.9661142
-37.80845398,144.9654859
-37.81311068,144.9713522
-37.81304268,144.9647146
-37.82320716,144.963294
-37.80639645,144.9748567
-37.82227181,144.9659827
-37.807157,144.9702785
-37.81245009,144.9634839
-37.81992695,144.9668804
-37.81229064,144.9587945
-37.81001047,144.9643536
-37.80628318,144.9742518
-37.81740477,144.957499
-37.80838324,144.9511186
-37.82098855,144.9703094
-37.81554884,144.9671671
-37.81769098,144.9601202
-37.82350854,144.9684177
-37.8199878,144.9731846
-37.81536109,144.958965
-37.81234966,144.9708609
-37.82009264,144.9625118
-37.81421768,144.956719
-37.821763,144.9546038
-37.8209275,144.9640589
-37.81453453,144.9739483
-37.81168249,144.9718441
-37.80728279,144.9550635
-37.8127,144.968
-37.82108303,144.9687755
-37.8074839,144.9710528
-37.80555372,144.9670769
-37.80764638,144.9641453
-37.81544308,144.9670194
-37.82238869,144.971012
-37.80704352,144.9597543
-37.80785578,144.9589619
-37.80699558,144.9679544
-37.82288584,144.9612397
-37.81991518,144.9624907
-37.80654622,144.9715988
-37.81389793,144.9706752
-37.82142864,144.9523233
-37.81692677,144.961488
-37.80681487,144.959533
-37.80680465,144.9671421
-37.80730413,144.9761403
-37.81580622,144.9632271
-37.81408298,144.9568705
-37.82187713,144.9640881
-37.80562491,144.9585489
-37.8135234,144.961353
-37.81010768,144.9607872
-37.8134044,144.9658854
-37.81034596,144.9642536
-37.81492973,144.9609001
-37.81349351,144.9703382
-37.81669944,144.952258
-37.81892793,144.9732527
-37.81263608,144.9512733
-37.81225382,144.953207
-37.80915404,144.9533052
-37.81181113,144.9543728
-37.80695826,144.9540306
-37.80525151,144.9703917
-37.8182,144.957
-37.81994558,144.9547768
-37.81453452,144.974742
-37.8098603,144.9687778
-37.81004011,144.9734608
-37.81304938,144.9577947
-37.80625372,144.9591998
-37.81045414,144.9575646
-37.82080146,144.9720647
-37.80552667,144.9589261
-37.81557704,144.9634413
-37.80555786,144.962826
-37.80832209,144.9512885
-37.81106899,144.9747491
-37.80837218,144.9692
-37.80958828,144.9685728
-37.8154,144.963
